"country_region","population","total_cases","new_cases","total_deaths","total_recovered","total_tests","continent","confirmed","deaths","recovered","active","new_cases_cwl","confirmed_final","deaths_final","recovered_final","cfr","incidence_per_100k","deaths_per_100k","recovery_pct","positivity","ts_sum_confirmed","pct_diff_wm_cwl","pct_diff_wm_ts"
"USA",331198130,5032179,NA,162804,2576668,63139605,"North America",NA,NA,NA,NA,NA,5032179,162804,2576668,0.0323525852319641,NA,49.1560746432958,0.512038224395436,NA,NA,0,NA
"Brazil",212710692,2917562,NA,98644,2047660,13206188,"South America",2442375,87618,1846641,508116,23284,2442375,87618,1846641,0.0358740979579303,NA,41.1911593047706,0.756084139413481,NA,2442375,19.4559394032448,19.4559394032448
"India",1381344997,2025409,NA,41638,1377384,22149351,"Asia",1480073,33408,951166,495499,44457,1480073,33408,951166,0.0225718596312479,NA,2.4185123971604,0.642648031549795,NA,1480073,36.8452096619559,36.8452096619559
"Russia",145940924,871894,NA,14606,676357,29716907,"Europe",816680,13334,602249,201097,5607,816680,13334,602249,0.016327080374198,NA,9.13657364537448,0.73743571533526,NA,816680,6.76078757897831,6.76078757897831
"South Africa",59381566,538184,NA,9604,387316,3149807,"Africa",452529,7067,274925,170537,7096,452529,7067,274925,0.0156166787100937,NA,11.9009997142884,0.607530125141151,NA,452529,18.9280686983597,18.9280686983597
"Mexico",129066160,462690,6590,50517,308848,1056915,"North America",395489,44022,303810,47657,4973,395489,44022,303810,0.111310301930016,5.10590847360764,34.108088440843,0.768188242909411,NA,395489,16.9918758802394,16.9918758802394
"Peru",33016319,455409,NA,20424,310337,2493429,"South America",389717,18418,272547,98752,13756,389717,18418,272547,0.0472599347731816,NA,55.7845349143858,0.699345935640478,NA,389717,16.8563342117485,16.8563342117485
"Chile",19132514,366671,NA,9889,340168,1760615,"South America",347923,9187,319954,18782,2133,347923,9187,319954,0.0264052678322502,NA,48.0177356723743,0.919611523239337,NA,347923,5.38854861564197,5.38854861564197
"Colombia",50936262,357710,NA,11939,192355,1801835,"South America",257101,8777,131161,117163,16306,257101,8777,131161,0.0341383347400438,NA,17.2313390409371,0.510153597224437,NA,257101,39.1320920572071,39.1320920572071
"Spain",46756648,354530,NA,28500,NA,7064329,"Europe",272421,28432,150376,93613,0,272421,28432,150376,0.104367871786683,NA,60.8084651406149,0.551998561050727,NA,272421,30.1404810936015,30.1404810936015
"Iran",84097623,320117,NA,17976,277463,2612763,"Asia",293606,15912,255144,22550,2434,293606,15912,255144,0.0541950777572665,NA,18.920867715845,0.86900131468703,NA,293606,9.02944762709208,9.02944762709208
"UK",67922029,308134,NA,46413,NA,17515234,"Europe",NA,NA,NA,NA,NA,308134,46413,NA,0.15062602633919,NA,68.3327643230446,NA,NA,NA,0,NA
"Saudi Arabia",34865919,284226,NA,3055,247089,3635705,"Asia",268934,2760,222936,43238,1993,268934,2760,222936,0.0102627410442711,NA,7.9160397292267,0.828961752697688,NA,268934,5.686153480036,5.686153480036
"Pakistan",221295851,281863,NA,6035,256058,2058872,"Asia",274289,5842,241026,27421,1176,274289,5842,241026,0.021298703192618,NA,2.63990489365298,0.878730098545695,NA,274289,2.76132108834113,2.76132108834113
"Bangladesh",164851401,249651,NA,3306,143824,1225124,"Asia",226225,2965,125683,97577,2772,226225,2965,125683,0.0131064205989612,NA,1.79858950667941,0.555566360923859,NA,226225,10.3551773676649,10.3551773676649
"Italy",60452568,249204,NA,35187,201323,7099713,"Europe",246286,35112,198593,12581,168,246286,35112,198593,0.142565959900279,NA,58.0818998458428,0.806351152724881,NA,246286,1.18480140974315,1.18480140974315
"Turkey",84428331,237265,NA,5798,220546,5081802,"Asia",227019,5630,210469,10920,919,227019,5630,210469,0.0247996863698633,NA,6.66837770368811,0.927098612891432,NA,227019,4.51327862425612,4.51327862425612
"Argentina",45236884,228195,NA,4251,99852,794544,"South America",167416,3059,72575,91782,4890,167416,3059,72575,0.0182718497634635,NA,6.76218105561824,0.433500979595738,NA,167416,36.3041764228031,36.3041764228031
"Germany",83811260,215210,NA,9252,196200,8586648,"Europe",207112,9125,190314,7673,445,207112,9125,190314,0.044058287303488,NA,10.887558545236,0.918894124917919,NA,207112,3.90996175982077,3.90996175982077
"France",65288306,195633,NA,30312,82460,3992206,"Europe",220352,30212,81212,108928,2551,220352,30212,81212,0.137107900087133,NA,46.2747494168404,0.368555765320941,NA,208665,-11.2179603543421,-6.2454172956653
"Iraq",40306025,140603,NA,5161,101025,1092741,"Asia",112585,4458,77144,30983,2553,112585,4458,77144,0.0395967491228849,NA,11.0603811713013,0.685206732690856,NA,112585,24.886086068304,24.886086068304
"Philippines",109722719,119460,NA,2150,66837,1669996,"Asia",82040,1945,26446,53649,1592,82040,1945,26446,0.0237079473427596,NA,1.77265020200602,0.322354948805461,NA,82040,45.6118966357874,45.6118966357874
"Indonesia",273808365,118753,NA,5521,75645,1633156,"Asia",100303,4838,58173,37292,1525,100303,4838,58173,0.0482338514301666,NA,1.76692921708217,0.579972682771203,NA,100303,18.394265375911,18.394265375911
"Canada",37775022,118561,NA,8966,103106,4319172,"North America",116458,8944,0,107514,682,116458,8944,0,0.0768002198217383,NA,23.6770212867116,0,NA,58728,1.80580123306255,101.88155564637
"Qatar",2807805,112092,NA,178,108831,511000,"Asia",109597,165,106328,3104,292,109597,165,106328,0.00150551566192505,NA,5.87647646471176,0.970172541219194,NA,109597,2.27652216757759,2.27652216757759
"Kazakhstan",18798667,95942,NA,1058,68871,2163713,"Asia",84648,585,54404,29659,1526,84648,585,54404,0.00691097249787355,NA,3.11192277622663,0.642708628674038,NA,84648,13.3423116907665,13.3423116907665
"Egypt",102516525,95006,NA,4951,48898,135000,"Africa",92482,4652,34838,52992,420,92482,4652,34838,0.0503016803269825,NA,4.53780500265689,0.376700330875197,NA,92482,2.72917973227222,2.72917973227222
"Ecuador",17668824,90537,NA,5877,71318,258582,"South America",81161,5532,34896,40733,467,81161,5532,34896,0.0681608161555427,NA,31.3093842578318,0.429960202560343,NA,81161,11.5523465703971,11.5523465703971
"Bolivia",11688459,86423,1282,3465,27373,183583,"South America",71181,2647,21478,47056,1752,71181,2647,21478,0.0371868897599078,10.9680839878037,22.6462701370643,0.301737823295542,NA,71181,21.4130175187199,21.4130175187199
"Sweden",10105596,81967,NA,5766,NA,863315,"Europe",79395,5700,0,73695,398,79395,5700,0,0.0717929340638579,NA,56.4043921803326,0,NA,79395,3.23949870898672,3.23949870898672
"Oman",5118446,80713,NA,492,70910,309212,"Asia",77058,393,57028,19637,1053,77058,393,57028,0.00510005450439928,NA,7.67811167686442,0.740065924368657,NA,77058,4.74318046147058,4.74318046147058
"Israel",9197590,79559,NA,576,53427,1872453,"Asia",63985,474,27133,36378,2029,63985,474,27133,0.00740798624677659,NA,5.15352391224223,0.424052512307572,NA,63985,24.3400797061811,24.3400797061811
"Ukraine",43705858,76808,NA,1819,42524,1116641,"Europe",67096,1636,37202,28258,835,67096,1636,37202,0.024382973649696,NA,3.74320531586407,0.554459282222487,NA,67096,14.4747824013354,14.4747824013354
"Dominican Republic",10858648,76536,NA,1246,40539,281926,"North America",64156,1083,30204,32869,1248,64156,1083,30204,0.0168807282249517,NA,9.97361734168011,0.470789949498098,NA,64156,19.2967142589937,19.2967142589937
"Panama",4321282,71418,NA,1574,45658,240995,"North America",61442,1322,35086,25034,1146,61442,1322,35086,0.0215162266853293,NA,30.5927731631493,0.571042609290062,NA,61442,16.2364506363725,16.2364506363725
"Belgium",11594739,71158,NA,9859,17661,1767120,"Europe",66428,9822,17452,39154,402,66428,9822,17452,0.147859336424399,NA,84.7108330769671,0.262720539531523,NA,66428,7.12049135906545,7.12049135906545
"Kuwait",4276658,70045,NA,469,61610,522200,"Asia",64379,438,55057,8884,606,64379,438,55057,0.00680346075583653,NA,10.2416419550032,0.855201230214822,NA,64379,8.8010065393995,8.8010065393995
"Belarus",9449001,68503,NA,580,63756,1344303,"Europe",67251,538,60492,6221,119,67251,538,60492,0.00799988104266108,NA,5.69372360104523,0.899495918276308,NA,67251,1.86168235416573,1.86168235416573
"UAE",9902079,61845,NA,354,55739,5262658,"Asia",NA,NA,NA,NA,NA,61845,354,55739,0.0057239873878244,NA,3.57500682432447,0.901269302287978,NA,NA,0,NA
"Romania",19224023,57895,NA,2566,28992,1319369,"Europe",45902,2206,25794,17902,1104,45902,2206,25794,0.0480589081085792,NA,11.4752255550256,0.561936299071936,NA,45902,26.1274018561283,26.1274018561283
"Netherlands",17138756,56982,NA,6153,NA,1079860,"Europe",53413,6160,189,47064,419,53413,6160,189,0.115327729204501,NA,35.9419318414942,0.00353846441877446,NA,53151,6.68189392095557,7.2077665518993
"Singapore",5854932,54555,NA,27,48031,1474372,"Asia",50838,27,45692,5119,469,50838,27,45692,0.000531098784373894,NA,0.461149676887793,0.898776505763405,NA,50838,7.31145993154727,7.31145993154727
"Guatemala",17946899,54339,NA,2119,42070,172712,"North America",45309,1761,32455,11093,256,45309,1761,32455,0.0388664503740979,NA,9.81228010476907,0.716303604140458,NA,45309,19.9298152684897,19.9298152684897
"Portugal",10193593,52061,NA,1743,37840,1705474,"Europe",50299,1719,35375,13205,135,50299,1719,35375,0.0341756297341895,NA,16.8635337902936,0.703294300085489,NA,50299,3.50305175053183,3.50305175053183
"Poland",37842302,49515,NA,1774,35642,2374686,"Europe",43402,1676,32856,8870,337,43402,1676,32856,0.0386157319939173,NA,4.42890604276664,0.757015805723239,NA,43402,14.0846043961108,14.0846043961108
"Nigeria",206606300,45244,NA,930,32430,306894,"Africa",41180,860,18203,22117,648,41180,860,18203,0.0208839242350656,NA,0.416250617720757,0.442034968431277,NA,41180,9.86886838271006,9.86886838271006
"Honduras",9919704,45098,NA,1423,6116,109292,"North America",39741,1166,5039,33536,465,39741,1166,5039,0.0293399763468458,NA,11.7543829936861,0.126796004126721,NA,39741,13.4797815857678,13.4797815857678
"Bahrain",1706669,42889,NA,156,39945,876700,"Asia",39482,141,36110,3231,351,39482,141,36110,0.00357124765716022,NA,8.26170745469684,0.914593992198977,NA,39482,8.62924877159212,8.62924877159212
"Japan",126435859,42263,NA,1026,28877,938739,"Asia",31142,998,21970,8174,594,31142,998,21970,0.0320467535803738,NA,0.789333032490411,0.705478132425663,NA,31142,35.7106158885107,35.7106158885107
"Armenia",2963811,39819,NA,772,31556,171600,"Asia",37390,711,26665,10014,73,37390,711,26665,0.0190157796202193,NA,23.9893839384495,0.713158598555764,NA,37390,6.49638940893287,6.49638940893287
"Ghana",31133483,39642,NA,199,36384,405817,"Africa",33624,168,29801,3655,655,33624,168,29801,0.00499643112062812,NA,0.539611966961743,0.886301451344278,NA,33624,17.8979300499643,17.8979300499643
"Kyrgyzstan",6534479,38659,NA,1447,30099,267718,"Asia",33296,1301,21205,10790,483,33296,1301,21205,0.0390737626141278,NA,19.9097739850415,0.636863286881307,NA,33296,16.1070398846708,16.1070398846708
"Afghanistan",39009447,36896,NA,1298,25840,90396,"Asia",36263,1269,25198,9796,106,36263,1269,25198,0.034994346854921,NA,3.25305816306496,0.694868047320961,NA,36263,1.74558089512726,1.74558089512726
"Switzerland",8660952,36108,NA,1985,31600,822764,"Europe",34477,1978,30900,1599,65,34477,1978,30900,0.057371581054036,NA,22.8381360386249,0.896249673695507,NA,34477,4.73069002523421,4.73069002523421
"Algeria",43926079,33626,NA,1273,23238,NA,"Africa",27973,1163,18837,7973,616,27973,1163,18837,0.0415758052407679,NA,2.64762989658148,0.673399349372609,NA,27973,20.2087727451471,20.2087727451471
"Azerbaijan",10148243,33247,NA,479,29275,766179,"Asia",30446,423,23242,6781,396,30446,423,23242,0.0138934506995993,NA,4.16820921611751,0.763384352624318,NA,30446,9.19989489588122,9.19989489588122
"Morocco",36953359,29644,NA,449,20553,1383816,"Africa",20887,316,16553,4018,609,20887,316,16553,0.0151290276248384,NA,0.855132005726462,0.792502513525159,NA,20887,41.925599655288,41.925599655288
"Uzbekistan",33516027,28315,NA,175,19291,1377915,"Asia",21209,121,11674,9414,678,21209,121,11674,0.00570512518270546,NA,0.361021310789611,0.55042670564383,NA,21209,33.5046442547975,33.5046442547975
"Serbia",8733665,27332,NA,621,14047,723137,"Europe",24141,543,0,23598,411,24141,543,0,0.0224928544799304,NA,6.21732113608663,0,NA,24141,13.2181765461248,13.2181765461248
"Moldova",4032983,26628,NA,828,18676,128076,"Europe",23154,748,16154,6252,120,23154,748,16154,0.0323054331864905,NA,18.54706553437,0.697676427399153,NA,23154,15.003887017362,15.003887017362
"Ireland",4943200,26372,NA,1768,23364,652917,"Europe",25892,1764,23364,764,11,25892,1764,23364,0.0681291518615789,NA,35.6853859847872,0.902363664452341,NA,25892,1.85385447242392,1.85385447242392
"Kenya",53881160,24411,NA,399,10444,335318,"Africa",17975,285,7833,9857,372,17975,285,7833,0.015855354659249,NA,0.528941841638153,0.4357719054242,NA,17975,35.8052851182197,35.8052851182197
"Venezuela",28427499,22299,NA,195,12146,1567431,"South America",15988,146,9959,5883,525,15988,146,9959,0.009131848886665,NA,0.513587213563881,0.622904678508882,NA,15988,39.4733550162622,39.4733550162622
"Nepal",29186486,21750,NA,65,15389,731977,"Asia",18752,48,13754,4950,139,18752,48,13754,0.00255972696245734,NA,0.164459674933118,0.73346843003413,NA,18752,15.9876279863481,15.9876279863481
"Austria",9011577,21696,NA,719,19596,937275,"Europe",20558,713,18246,1599,86,20558,713,18246,0.0346823620974803,NA,7.91204469539571,0.887537698219671,NA,20558,5.53555793365113,5.53555793365113
"Costa Rica",5098730,21070,NA,200,7038,96110,"North America",15841,115,3824,11902,612,15841,115,3824,0.00725964269932454,NA,2.25546361544934,0.241398901584496,NA,15841,33.0092797171896,33.0092797171896
"Ethiopia",115223736,20900,NA,365,9027,468814,"Africa",14547,228,6386,7933,579,14547,228,6386,0.0156733347081873,NA,0.197875895987264,0.43899085722142,NA,14547,43.6722348250498,43.6722348250498
"Australia",25528864,19890,NA,255,10941,4631419,"Australia/Oceania",15303,167,9311,5825,368,15303,167,9311,0.0109128928968176,NA,0.654161501271659,0.608442788995622,NA,9049,29.9745148010194,119.803293181567
"El Salvador",6489514,19126,NA,513,9236,251271,"North America",15035,408,7778,6849,405,15035,408,7778,0.0271366810774859,NA,6.28706556453996,0.517326238776189,NA,15035,27.2098436980379,27.2098436980379
"Czechia",10711019,17731,NA,390,12320,728670,"Europe",15516,373,11428,3715,192,15516,373,11428,0.0240397009538541,NA,3.48239509238103,0.736530033513792,NA,15516,14.2755864913638,14.2755864913638
"Cameroon",26606188,17718,NA,391,15320,149000,"Africa",17110,391,14539,2180,402,17110,391,14539,0.0228521332554062,NA,1.4695829406302,0.849736995908825,NA,17110,3.55347749853887,3.55347749853887
"Ivory Coast",26437950,16447,NA,103,12484,104584,"Africa",NA,NA,NA,NA,NA,16447,103,12484,0.00626254028090229,NA,0.389591477402749,0.759044202590138,NA,NA,0,NA
"S. Korea",51273732,14519,20,303,13543,1613652,"Asia",NA,NA,NA,NA,NA,14519,303,13543,0.0208692058681727,0.0390063278405403,0.590945866784185,0.932777739513741,NA,NA,0,NA
"Denmark",5794279,14306,NA,617,12787,1654512,"Europe",13761,613,12605,543,109,13761,613,12605,0.0445461812368287,NA,10.5794008193254,0.915994477145556,NA,13547,3.96046798924496,5.60271646859083
"Palestine",5112340,13398,NA,92,6907,200280,"Asia",NA,NA,NA,NA,NA,13398,92,6907,0.00686669652186894,NA,1.79956732142228,0.515524705179878,NA,NA,0,NA
"Bosnia and Herzegovina",3278650,13396,NA,384,7042,147021,"Europe",10498,294,4930,5274,731,10498,294,4930,0.0280053343493999,NA,8.96710536348802,0.469613259668508,NA,10498,27.6052581444085,27.6052581444085
"Bulgaria",6942854,13014,NA,435,7374,294087,"Europe",10621,347,5585,4689,194,10621,347,5585,0.0326711232463986,NA,4.99794464927536,0.525845024009039,NA,10621,22.5308351379343,22.5308351379343
"Madagascar",27755708,12526,NA,134,10148,46301,"Africa",9690,91,6260,3339,395,9690,91,6260,0.00939112487100103,NA,0.32786048909291,0.646026831785346,NA,9690,29.2672858617131,29.2672858617131
"Sudan",43943536,11780,NA,763,6194,401,"Africa",11424,720,5939,4765,39,11424,720,5939,0.0630252100840336,NA,1.63846623539808,0.519870448179272,NA,11424,3.11624649859943,3.11624649859943
"North Macedonia",2083365,11399,NA,517,7480,109946,"Europe",10213,466,5564,4183,127,10213,466,5564,0.0456281210222266,NA,22.3676600115678,0.544795848428474,NA,10213,11.612650543425,11.612650543425
"Senegal",16783877,10715,NA,223,7101,114761,"Africa",9764,194,6477,3093,83,9764,194,6477,0.0198689061859893,NA,1.15587119710184,0.663355182302335,NA,9764,9.73986071282262,9.73986071282262
"Norway",5425471,9468,NA,256,8857,472841,"Europe",9132,255,8752,125,15,9132,255,8752,0.0279237844940867,NA,4.70005276961208,0.958388085851949,NA,9132,3.67936925098555,3.67936925098555
"DRC",89802183,9309,NA,215,8048,NA,"Africa",NA,NA,NA,NA,NA,9309,215,8048,0.0230959286711784,NA,0.239415115331885,0.864539692770437,NA,NA,0,NA
"Malaysia",32406372,9038,NA,125,8713,991333,"Asia",8904,124,8601,179,7,8904,124,8601,0.01392632524708,NA,0.3826407966927,0.965970350404313,NA,8904,1.50494159928123,1.50494159928123
"French Guiana",299385,8127,NA,47,7240,41412,"South America",NA,NA,NA,NA,NA,8127,47,7240,0.00578319182970346,NA,15.6988493077475,0.890857635043682,NA,NA,0,NA
"Gabon",2230563,7787,NA,51,5609,85369,"Africa",7189,49,4682,2458,205,7189,49,4682,0.0068159688412853,NA,2.19675481033264,0.651272777855056,NA,7189,8.31826401446654,8.31826401446654
"Tajikistan",9557468,7665,NA,62,6443,NA,"Asia",7235,60,6028,1147,43,7235,60,6028,0.0082930200414651,NA,0.627781332880215,0.83317208016586,NA,7235,5.94333102971665,5.94333102971665
"Guinea",13164905,7664,NA,49,6757,14407,"Africa",7055,45,6257,753,47,7055,45,6257,0.00637845499645641,NA,0.341817886266555,0.886888731396173,NA,7055,8.63217576187101,8.63217576187101
"Haiti",11416103,7544,NA,171,4832,18443,"North America",7340,158,4365,2817,25,7340,158,4365,0.0215258855585831,NA,1.38400993754173,0.594686648501362,NA,7340,2.77929155313352,2.77929155313352
"Finland",5541604,7532,NA,331,6980,389500,"Europe",7398,329,6920,149,5,7398,329,6920,0.0444714787780481,NA,5.93690924143984,0.935387942687213,NA,7398,1.81130035144634,1.81130035144634
"Zambia",18430129,7164,NA,199,5786,90307,"Africa",4552,140,2815,1597,71,4552,140,2815,0.0307557117750439,NA,0.759625719385903,0.618409490333919,NA,4552,57.3813708260105,57.3813708260105
"Luxembourg",626952,7073,NA,119,5750,623994,"Europe",6321,112,4825,1384,49,6321,112,4825,0.017718715393134,NA,17.8642065102273,0.763328587248853,NA,6321,11.8968517639614,11.8968517639614
"Mauritania",4660728,6444,NA,157,5291,57387,"Africa",6208,156,4653,1399,37,6208,156,4653,0.0251288659793814,NA,3.34711658779487,0.74951675257732,NA,6208,3.80154639175259,3.80154639175259
"Paraguay",7141091,6375,NA,66,4974,135277,"South America",4548,43,2905,1600,104,4548,43,2905,0.0094547053649956,NA,0.602148887333882,0.638742304309587,NA,4548,40.1715039577836,40.1715039577836
"Albania",2877470,6016,NA,188,3155,38997,"Europe",4880,144,2745,1991,117,4880,144,2745,0.0295081967213115,NA,5.00439622307096,0.5625,NA,4880,23.2786885245902,23.2786885245902
"Lebanon",6822220,5672,NA,70,1974,345268,"Asia",3882,51,1709,2122,132,3882,51,1709,0.0131375579598145,NA,0.747557246761318,0.440236991241628,NA,3882,46.1102524471922,46.1102524471922
"Croatia",4102577,5404,NA,155,4688,125317,"Europe",4881,139,3936,806,24,4881,139,3936,0.0284777709485761,NA,3.38811434861552,0.80639213275968,NA,4881,10.7150174144643,10.7150174144643
"Djibouti",989387,5330,NA,59,5057,59909,"Africa",5059,58,4977,24,9,5059,58,4977,0.0114647163471042,NA,5.86221569517287,0.983791263095473,NA,5059,5.35678987942281,5.35678987942281
"Greece",10417673,5123,NA,210,1374,619393,"Europe",4227,202,1374,2651,34,4227,202,1374,0.0477880293352259,NA,1.93901267586341,0.325053229240596,NA,4227,21.1970664774071,21.1970664774071
"Libya",6880353,4879,NA,107,652,59699,"Africa",2827,64,577,2186,158,2827,64,577,0.0226388397594623,NA,0.930184832086377,0.204103289706403,NA,2827,72.5857799787761,72.5857799787761
"Equatorial Guinea",1407001,4821,NA,83,2182,44356,"Africa",3071,51,842,2178,0,3071,51,842,0.0166069684141973,NA,3.62473089926731,0.274177792250081,NA,3071,56.9846955389124,56.9846955389124
"Maldives",541448,4680,NA,19,2725,85587,"Asia",3369,15,2547,807,67,3369,15,2547,0.00445235975066785,NA,2.77034913786735,0.756010685663402,NA,3369,38.913624220837,38.913624220837
"CAR",4837752,4620,NA,59,1641,29589,"Africa",NA,NA,NA,NA,NA,4620,59,1641,0.0127705627705628,NA,1.21957471156025,0.355194805194805,NA,NA,0,NA
"Hungary",9657785,4597,NA,600,3463,352546,"Europe",4448,596,3329,523,13,4448,596,3329,0.133992805755396,NA,6.1711872856975,0.748426258992806,NA,4448,3.3498201438849,3.3498201438849
"Malawi",19174839,4491,NA,137,2137,33466,"Africa",3664,99,1645,1920,24,3664,99,1645,0.0270196506550218,NA,0.516301597108586,0.44896288209607,NA,3664,22.57096069869,22.57096069869
"Zimbabwe",14883803,4339,NA,84,1264,140421,"Africa",2704,36,542,2126,192,2704,36,542,0.0133136094674556,NA,0.241873666293487,0.200443786982249,NA,2704,60.4659763313609,60.4659763313609
"Nicaragua",6632263,3902,NA,123,2913,NA,"North America",3439,108,2492,839,0,3439,108,2492,0.0314044780459436,NA,1.62840345746241,0.724629252689735,NA,3439,13.4632160511777,13.4632160511777
"Hong Kong",7503041,3850,NA,46,2458,692430,"Asia",NA,NA,NA,NA,NA,3850,46,2458,0.0119480519480519,NA,0.613084747904216,0.638441558441558,NA,NA,0,NA
"Congo",5530506,3546,NA,58,1589,NA,"Africa",NA,NA,NA,NA,NA,3546,58,1589,0.0163564579808235,NA,1.04872863351021,0.448110547095319,NA,NA,0,NA
"Montenegro",628074,3480,NA,60,2178,38427,"Europe",2893,45,809,2039,94,2893,45,809,0.0155547874179053,NA,7.16476084028315,0.279640511579675,NA,2893,20.2903560318009,20.2903560318009
"Thailand",69817894,3330,NA,58,3148,749213,"Asia",3297,58,3111,128,6,3297,58,3111,0.0175917500758265,NA,0.083073259127524,0.943585077343039,NA,3297,1.00090991810737,1.00090991810737
"Somalia",15933012,3227,NA,93,1728,NA,"Africa",3196,93,1543,1560,18,3196,93,1543,0.02909887359199,NA,0.583693779933135,0.48279098873592,NA,3196,0.969962453066331,0.969962453066331
"Mayotte",273419,3042,NA,39,2738,13000,"Africa",NA,NA,NA,NA,NA,3042,39,2738,0.0128205128205128,NA,14.2638221923129,0.900065746219592,NA,NA,0,NA
"Eswatini",1161348,2968,NA,55,1476,20784,"Africa",2316,34,1025,1257,109,2316,34,1025,0.0146804835924007,NA,2.92763237203663,0.442573402417962,NA,2316,28.1519861830743,28.1519861830743
"Sri Lanka",21422362,2839,NA,11,2541,166737,"Asia",2805,11,2121,673,23,2805,11,2121,0.00392156862745098,NA,0.0513482126760812,0.756149732620321,NA,2805,1.21212121212122,1.21212121212122
"Cuba",11325899,2775,NA,88,2409,285471,"North America",2532,87,2351,94,37,2532,87,2351,0.0343601895734597,NA,0.768150943249626,0.928515007898894,NA,2532,9.59715639810426,9.59715639810426
"Cabo Verde",556581,2734,NA,27,2010,61633,"Africa",2328,22,1550,756,21,2328,22,1550,0.00945017182130584,NA,3.95270409877448,0.665807560137457,NA,2328,17.4398625429553,17.4398625429553
"Namibia",2545264,2652,NA,15,563,29233,"Africa",1843,8,101,1734,68,1843,8,101,0.00434074877916441,NA,0.314309242577587,0.0548019533369506,NA,1843,43.8958220293,43.8958220293
"Mali",20302901,2552,NA,124,1954,25152,"Africa",2513,124,1913,476,3,2513,124,1913,0.0493434142459212,NA,0.610750158314814,0.761241543971349,NA,2513,1.55192996418623,1.55192996418623
"Slovakia",5459915,2480,NA,29,1824,272322,"Europe",2181,28,1616,537,2,2181,28,1616,0.0128381476386978,NA,0.512828496414321,0.74094452086199,NA,2181,13.7093076570381,13.7093076570381
"South Sudan",11206572,2450,NA,47,1175,12044,"Africa",2305,46,1175,1084,43,2305,46,1175,0.0199566160520607,NA,0.410473425771949,0.509761388286334,NA,2305,6.29067245119306,6.29067245119306
"Slovenia",2078968,2223,NA,125,1909,135702,"Europe",2087,116,1733,238,5,2087,116,1733,0.0555821753713464,NA,5.57969146230245,0.830378533780546,NA,2087,6.51653090560613,6.51653090560613
"Lithuania",2718121,2171,NA,81,1656,540784,"Europe",2019,80,1620,319,11,2019,80,1620,0.0396235760277365,NA,2.94320966579486,0.802377414561664,NA,2019,7.52847944526993,7.52847944526993
"Estonia",1326627,2124,NA,63,1954,122880,"Europe",2034,69,1923,42,0,2034,69,1923,0.0339233038348083,NA,5.20116053721204,0.945427728613569,NA,2034,4.42477876106195,4.42477876106195
"Mozambique",31333962,2120,NA,15,795,65151,"Africa",1701,11,0,1690,32,1701,11,0,0.00646678424456202,NA,0.0351056786243629,0,NA,1701,24.6325690770135,24.6325690770135
"Rwanda",12981546,2111,NA,5,1258,286251,"Africa",1879,5,975,899,58,1879,5,975,0.00266098988823842,NA,0.0385162137082902,0.518893028206493,NA,1879,12.3469930814263,12.3469930814263
"Suriname",587154,2096,NA,29,1446,2785,"South America",1483,24,925,534,44,1483,24,925,0.0161834120026972,NA,4.08751366762383,0.623735670937289,NA,1483,41.3351314902225,41.3351314902225
"Guinea-Bissau",1972277,2032,NA,27,944,1500,"Africa",1954,26,803,1125,0,1954,26,803,0.0133060388945752,NA,1.31827324457974,0.410951893551689,NA,1954,3.99181166837257,3.99181166837257
"Benin",12151976,1936,NA,38,1600,93677,"Africa",1770,35,1036,699,0,1770,35,1036,0.019774011299435,NA,0.288019002012512,0.585310734463277,NA,1770,9.37853107344633,9.37853107344633
"Iceland",341465,1930,NA,10,1825,149693,"Europe",1854,10,1823,21,7,1854,10,1823,0.00539374325782093,NA,2.92855783169578,0.983279395900755,NA,1854,4.09924487594391,4.09924487594391
"Sierra Leone",7992169,1877,NA,67,1427,NA,"Africa",1783,66,1317,400,0,1783,66,1317,0.037016264722378,NA,0.82580836316149,0.738642736960179,NA,1783,5.27201346045989,5.27201346045989
"Yemen",29886897,1768,NA,508,898,120,"Asia",1691,483,833,375,10,1691,483,833,0.285629804849202,NA,1.61609283158436,0.492607924305145,NA,1691,4.55351862803075,4.55351862803075
"Tunisia",11830801,1642,NA,51,1241,100298,"Africa",1455,50,1157,248,3,1455,50,1157,0.0343642611683849,NA,0.422625653157381,0.795189003436426,NA,1455,12.8522336769759,12.8522336769759
"New Zealand",5002100,1569,NA,22,1524,486943,"Australia/Oceania",1557,22,1514,21,1,1557,22,1514,0.0141297366730893,NA,0.439815277583415,0.972382787411689,NA,1557,0.77071290944124,0.77071290944124
"Angola",32956300,1483,NA,64,520,64747,"Africa",950,41,242,667,18,950,41,242,0.0431578947368421,NA,0.124407169494148,0.254736842105263,NA,950,56.1052631578947,56.1052631578947
"Uruguay",3474956,1318,NA,37,1079,126956,"South America",1202,35,951,216,10,1202,35,951,0.0291181364392679,NA,1.00720699772889,0.791181364392679,NA,1202,9.65058236272878,9.65058236272878
"Latvia",1883936,1275,NA,32,1070,207909,"Europe",1219,31,1045,143,0,1219,31,1045,0.0254306808859721,NA,1.64549114194962,0.857260049220673,NA,1219,4.59392945036916,4.59392945036916
"Jordan",10213138,1232,NA,11,1171,628745,"Asia",1176,11,1041,124,8,1176,11,1041,0.00935374149659864,NA,0.10770440975144,0.885204081632653,NA,1223,4.76190476190477,0.735895339329518
"Liberia",5068618,1224,NA,78,705,NA,"Africa",1167,72,646,449,5,1167,72,646,0.0616966580976864,NA,1.42050555003356,0.553556126820908,NA,1167,4.88431876606683,4.88431876606683
"Uganda",45867852,1223,NA,5,1102,288367,"Africa",1128,2,986,140,13,1128,2,986,0.00177304964539007,NA,0.00436035243158978,0.874113475177305,NA,1128,8.42198581560283,8.42198581560283
"Cyprus",1208238,1208,NA,19,856,216597,"Asia",1060,19,852,189,3,1060,19,852,0.0179245283018868,NA,1.57253786091813,0.80377358490566,NA,1060,13.9622641509434,13.9622641509434
"Georgia",3988368,1206,NA,17,987,240473,"Asia",1137,16,922,199,6,1137,16,922,0.0140721196130167,NA,0.401166592450847,0.810905892700088,NA,1137,6.06860158311346,6.06860158311346
"Burkina Faso",20954852,1158,NA,54,961,NA,"Africa",1100,53,926,121,14,1100,53,926,0.0481818181818182,NA,0.252924716433216,0.841818181818182,NA,1100,5.27272727272727,5.27272727272727
"Niger",24281433,1153,NA,69,1057,9052,"Africa",1132,69,1027,36,0,1132,69,1027,0.0609540636042403,NA,0.284167742488674,0.907243816254417,NA,1136,1.85512367491165,1.49647887323943
"Togo",8296582,1012,NA,22,697,45767,"Africa",874,18,607,249,6,874,18,607,0.0205949656750572,NA,0.216956814263994,0.694508009153318,NA,874,15.7894736842105,15.7894736842105
"Syria",17539600,999,NA,48,311,NA,"Asia",674,40,0,634,24,674,40,0,0.0593471810089021,NA,0.228055371844284,0,NA,674,48.2195845697329,48.2195845697329
"Jamaica",2962478,958,30,12,745,41840,"North America",853,10,714,129,11,853,10,714,0.0117233294255569,1.01266574806631,0.337555249355438,0.83704572098476,NA,853,12.3094958968347,12.3094958968347
"Malta",441663,946,NA,9,670,136713,"Europe",701,9,665,27,1,701,9,665,0.0128388017118402,NA,2.03775276624938,0.948644793152639,NA,701,34.9500713266762,34.9500713266762
"Andorra",77278,944,NA,52,828,3750,"Europe",907,52,803,52,10,907,52,803,0.0573318632855568,NA,67.2895261264525,0.885336273428886,NA,907,4.07938257993385,4.07938257993385
"Chad",16467965,942,NA,76,838,NA,"Africa",922,75,810,37,7,922,75,810,0.0813449023861171,NA,0.455429678166064,0.878524945770065,NA,922,2.16919739696313,2.16919739696313
"Gambia",2422754,935,NA,16,136,5183,"Africa",326,8,66,252,49,326,8,66,0.0245398773006135,NA,0.330202736224974,0.202453987730061,NA,326,186.80981595092,186.80981595092
"Sao Tome and Principe",219544,878,NA,15,797,3079,"Africa",865,14,734,117,2,865,14,734,0.0161849710982659,NA,6.37685384250993,0.848554913294798,NA,865,1.50289017341041,1.50289017341041
"Botswana",2356075,804,NA,2,63,68423,"Africa",739,2,63,674,53,739,2,63,0.0027063599458728,NA,0.0848869412051824,0.0852503382949932,NA,739,8.79566982408659,8.79566982408659
"Bahamas",393616,761,NA,14,91,4814,"North America",382,11,91,280,40,382,11,91,0.0287958115183246,NA,2.79460184545344,0.238219895287958,NA,382,99.2146596858639,99.2146596858639
"Vietnam",97425470,747,NA,10,392,482456,"Asia",431,0,365,66,11,431,0,365,0,NA,0,0.846867749419954,NA,431,73.3178654292343,73.3178654292343
"Lesotho",2143943,742,NA,23,175,8771,"Africa",505,12,128,365,0,505,12,128,0.0237623762376238,NA,0.55971637305656,0.253465346534653,NA,505,46.9306930693069,46.9306930693069
"Diamond Princess",NA,712,NA,13,651,NA,NA,NA,NA,NA,NA,NA,712,13,651,0.0182584269662921,NA,NA,0.914325842696629,NA,NA,0,NA
"San Marino",33938,699,NA,42,657,6068,"Europe",699,42,657,0,0,699,42,657,0.0600858369098712,NA,123.755082798043,0.939914163090129,NA,699,0,0
"Réunion",895952,671,NA,5,592,35419,"Africa",NA,NA,NA,NA,NA,671,5,592,0.00745156482861401,NA,0.558065610657714,0.882265275707899,NA,NA,0,NA
"Channel Islands",174022,597,NA,47,533,30721,"Europe",NA,NA,NA,NA,NA,597,47,533,0.0787269681742044,NA,27.0080794382319,0.892797319932998,NA,NA,0,NA
"Guyana",786936,538,NA,22,189,5165,"South America",389,20,181,188,19,389,20,181,0.051413881748072,NA,2.54150273973995,0.465295629820051,NA,389,38.3033419023136,38.3033419023136
"Tanzania",59886383,509,NA,21,183,NA,"Africa",509,21,183,305,0,509,21,183,0.0412573673870334,NA,0.0350664023238805,0.359528487229862,NA,509,0,0
"Taiwan",23821199,477,NA,7,443,82737,"Asia",NA,NA,NA,NA,NA,477,7,443,0.0146750524109015,NA,0.0293855905405937,0.928721174004193,NA,NA,0,NA
"Comoros",871326,396,NA,7,340,NA,"Africa",354,7,328,19,0,354,7,328,0.019774011299435,NA,0.803373249507073,0.926553672316384,NA,354,11.864406779661,11.864406779661
"Burundi",11922216,395,NA,1,304,15614,"Africa",378,1,301,76,17,378,1,301,0.00264550264550265,NA,0.00838770242042251,0.796296296296296,NA,378,4.49735449735449,4.49735449735449
"Myanmar",54446389,357,NA,6,308,122290,"Asia",NA,NA,NA,NA,NA,357,6,308,0.0168067226890756,NA,0.0110200145688266,0.862745098039216,NA,NA,0,NA
"Mauritius",1271985,344,NA,10,334,205285,"Africa",344,10,332,2,0,344,10,332,0.0290697674418605,NA,0.786172792918156,0.965116279069767,NA,344,0,0
"Isle of Man",85078,336,NA,24,312,8627,"Europe",NA,NA,NA,NA,NA,336,24,312,0.0714285714285714,NA,28.2094078375138,0.928571428571429,NA,NA,0,NA
"Mongolia",3283344,293,NA,NA,260,38334,"Asia",289,0,222,67,1,289,0,222,0,NA,0,0.768166089965398,NA,289,1.3840830449827,1.3840830449827
"Eritrea",3551175,282,NA,NA,225,NA,"Africa",265,0,191,74,2,265,0,191,0,NA,0,0.720754716981132,NA,265,6.41509433962264,6.41509433962264
"Guadeloupe",400131,279,NA,14,179,18476,"North America",NA,NA,NA,NA,NA,279,14,179,0.0501792114695341,NA,3.49885412527397,0.6415770609319,NA,NA,0,NA
"Martinique",375235,276,NA,15,98,12227,"North America",NA,NA,NA,NA,NA,276,15,98,0.0543478260869565,NA,3.997494903194,0.355072463768116,NA,NA,0,NA
"Faeroe Islands",48882,266,NA,NA,192,43045,"Europe",NA,NA,NA,NA,NA,266,NA,192,NA,NA,NA,0.721804511278195,NA,NA,0,NA
"Aruba",106812,263,NA,3,114,14047,"North America",NA,NA,NA,NA,NA,263,3,114,0.0114068441064639,NA,2.80867318278845,0.433460076045627,NA,NA,0,NA
"Cambodia",16741375,243,NA,NA,210,67807,"Asia",226,0,147,79,1,226,0,147,0,NA,0,0.650442477876106,NA,226,7.52212389380531,7.52212389380531
"Trinidad and Tobago",1399950,210,NA,8,135,9559,"North America",148,8,128,12,1,148,8,128,0.0540540540540541,NA,0.571448980320726,0.864864864864865,NA,148,41.8918918918919,41.8918918918919
"Cayman Islands",65798,203,NA,1,202,31108,"North America",NA,NA,NA,NA,NA,203,1,202,0.00492610837438424,NA,1.51980303352685,0.995073891625616,NA,NA,0,NA
"Gibraltar",33690,190,NA,NA,184,23063,"Europe",NA,NA,NA,NA,NA,190,NA,184,NA,NA,NA,0.968421052631579,NA,NA,0,NA
"Papua New Guinea",8963009,163,NA,3,53,10808,"Australia/Oceania",62,0,11,51,0,62,0,11,0,NA,0,0.17741935483871,NA,62,162.903225806452,162.903225806452
"Sint Maarten",42924,160,NA,16,64,1115,"North America",NA,NA,NA,NA,NA,160,16,64,0.1,NA,37.2751840462212,0.4,NA,NA,0,NA
"Bermuda",62254,157,NA,9,144,26352,"North America",NA,NA,NA,NA,NA,157,9,144,0.0573248407643312,NA,14.4569023677193,0.917197452229299,NA,NA,0,NA
"Brunei ",437893,141,NA,3,138,41148,"Asia",NA,NA,NA,NA,NA,141,3,138,0.0212765957446809,NA,0.685098871185427,0.978723404255319,NA,NA,0,NA
"Barbados",287411,133,NA,7,100,12233,"North America",110,7,94,9,0,110,7,94,0.0636363636363636,NA,2.4355365661022,0.854545454545454,NA,110,20.9090909090909,20.9090909090909
"Turks and Caicos",38768,129,NA,2,39,1252,"North America",NA,NA,NA,NA,NA,129,2,39,0.0155038759689922,NA,5.15889393314074,0.302325581395349,NA,NA,0,NA
"Seychelles",98408,126,NA,NA,124,NA,"Africa",114,0,39,75,0,114,0,39,0,NA,0,0.342105263157895,NA,114,10.5263157894737,10.5263157894737
"Monaco",39270,125,NA,4,105,38209,"Europe",116,4,104,8,0,116,4,104,0.0344827586206897,NA,10.1858925388337,0.896551724137931,NA,116,7.75862068965518,7.75862068965518
"Bhutan",772443,105,NA,NA,93,54589,"Asia",99,0,86,13,4,99,0,86,0,NA,0,0.868686868686869,NA,99,6.06060606060606,6.06060606060606
"Antigua and Barbuda",98010,92,NA,3,76,1500,"North America",86,3,65,18,4,86,3,65,0.0348837209302326,NA,3.06091215182124,0.755813953488372,NA,86,6.9767441860465,6.9767441860465
"Liechtenstein",38139,89,NA,1,85,900,"Europe",86,1,81,4,0,86,1,81,0.0116279069767442,NA,2.621987991295,0.941860465116279,NA,86,3.48837209302326,3.48837209302326
"Belize",398312,86,NA,2,31,3679,"North America",48,2,26,20,0,48,2,26,0.0416666666666667,NA,0.502118941934966,0.541666666666667,NA,48,79.1666666666667,79.1666666666667
"French Polynesia",281072,64,NA,NA,62,5849,"Australia/Oceania",NA,NA,NA,NA,NA,64,NA,62,NA,NA,NA,0.96875,NA,NA,0,NA
"St. Vincent Grenadines",110976,56,NA,NA,46,2447,"North America",NA,NA,NA,NA,NA,56,NA,46,NA,NA,NA,0.821428571428571,NA,NA,0,NA
"Saint Martin",38729,53,NA,3,41,1183,"North America",NA,NA,NA,NA,NA,53,3,41,0.0566037735849057,NA,7.74613338841695,0.773584905660377,NA,NA,0,NA
"Macao",650193,46,NA,NA,46,4071,"Asia",NA,NA,NA,NA,NA,46,NA,46,NA,NA,NA,1,NA,NA,0,NA
"Curaçao",164161,31,NA,1,28,1080,"North America",NA,NA,NA,NA,NA,31,1,28,0.032258064516129,NA,0.609158082614019,0.903225806451613,NA,NA,0,NA
"Fiji",897095,27,NA,1,18,6693,"Australia/Oceania",27,0,18,9,0,27,0,18,0,NA,0,0.666666666666667,NA,27,0,0
"Saint Lucia",183712,25,NA,NA,24,3895,"North America",24,0,22,2,0,24,0,22,0,NA,0,0.916666666666667,NA,24,4.16666666666667,4.16666666666667
"Timor-Leste",1320812,25,NA,NA,24,4238,"Asia",24,0,0,24,0,24,0,0,0,NA,0,0,NA,24,4.16666666666667,4.16666666666667
"Grenada",112576,24,NA,NA,23,6252,"North America",23,0,23,0,0,23,0,23,0,NA,0,1,NA,23,4.34782608695652,4.34782608695652
"New Caledonia",285769,22,NA,NA,22,11099,"Australia/Oceania",NA,NA,NA,NA,NA,22,NA,22,NA,NA,NA,1,NA,NA,0,NA
"Laos",7285750,20,NA,NA,19,29374,"Asia",20,0,19,1,0,20,0,19,0,NA,0,0.95,NA,20,0,0
"Dominica",72004,18,NA,NA,18,1005,"North America",18,0,18,0,0,18,0,18,0,NA,0,1,NA,18,0,0
"Saint Kitts and Nevis",53237,17,NA,NA,16,1146,"North America",17,0,15,2,0,17,0,15,0,NA,0,0.882352941176471,NA,17,0,0
"Greenland",56780,14,NA,NA,14,5977,"North America",14,0,13,1,1,14,0,13,0,NA,0,0.928571428571429,NA,14,0,0
"Montserrat",4992,13,NA,1,10,61,"North America",NA,NA,NA,NA,NA,13,1,10,0.0769230769230769,NA,20.0320512820513,0.769230769230769,NA,NA,0,NA
"Caribbean Netherlands",26247,13,NA,NA,7,424,"North America",NA,NA,NA,NA,NA,13,NA,7,NA,NA,NA,0.538461538461538,NA,NA,0,NA
"Falkland Islands",3489,13,NA,NA,13,1816,"South America",NA,NA,NA,NA,NA,13,NA,13,NA,NA,NA,1,NA,NA,0,NA
"Vatican City",801,12,NA,NA,12,NA,"Europe",NA,NA,NA,NA,NA,12,NA,12,NA,NA,NA,1,NA,NA,0,NA
"Western Sahara",598682,10,NA,1,8,NA,"Africa",10,1,8,1,0,10,1,8,0.1,NA,0.167033583772353,0.8,NA,10,0,0
